{"cameraMode":{"drawMode":0,"name":"Shaded","section":"Shading Mode"},"sceneLighting":false,"audioPlay":false,"sceneViewState":{"m_AlwaysRefresh":false,"showFog":true,"showSkybox":false,"showFlares":true,"showImageEffects":true,"showParticleSystems":true,"showVisualEffectGraphs":true,"m_FxEnabled":true},"in2DMode":false,"pivot":{"x":7.011782646179199,"y":0.9425654411315918,"z":0.021284818649291993},"rotation":{"x":0.044065993279218677,"y":-0.02846660278737545,"z":0.0012723627733066679,"w":0.9986492395401001},"size":2.9799766540527345,"orthographic":true}