{"cameraMode":{"drawMode":0,"name":"Shaded","section":"Shading Mode"},"sceneLighting":true,"audioPlay":false,"sceneViewState":{"m_AlwaysRefresh":false,"showFog":true,"showSkybox":true,"showFlares":true,"showImageEffects":true,"showParticleSystems":true,"showVisualEffectGraphs":true,"m_FxEnabled":true},"in2DMode":false,"pivot":{"x":1.0712456703186036,"y":-7.741156578063965,"z":10.218575477600098},"rotation":{"x":0.6656692624092102,"y":-0.0033580309245735409,"z":0.0029952446930110456,"w":0.7462353110313416},"size":14.381940841674805,"orthographic":false}