{"cameraMode":{"drawMode":0,"name":"Shaded","section":"Shading Mode"},"sceneLighting":true,"audioPlay":false,"sceneViewState":{"m_AlwaysRefresh":false,"showFog":true,"showSkybox":true,"showFlares":true,"showImageEffects":true,"showParticleSystems":true,"showVisualEffectGraphs":true,"m_FxEnabled":true},"in2DMode":false,"pivot":{"x":2.2662031650543215,"y":4.701309680938721,"z":9.950932502746582},"rotation":{"x":0.1296090930700302,"y":-0.1293082982301712,"z":0.017049498856067659,"w":0.9829516410827637},"size":19.930889129638673,"orthographic":true}