{"cameraMode":{"drawMode":0,"name":"Shaded","section":"Shading Mode"},"sceneLighting":true,"audioPlay":false,"sceneViewState":{"m_AlwaysRefresh":false,"showFog":true,"showSkybox":true,"showFlares":true,"showImageEffects":true,"showParticleSystems":true,"showVisualEffectGraphs":true,"m_FxEnabled":true},"in2DMode":false,"pivot":{"x":0.5935193300247192,"y":2.4946680068969728,"z":8.630656242370606},"rotation":{"x":0.7594690322875977,"y":-0.0019516829634085298,"z":0.002278364961966872,"w":0.6505380868911743},"size":6.8820319175720219,"orthographic":true}