{"cameraMode":{"drawMode":0,"name":"Shaded","section":"Shading Mode"},"sceneLighting":true,"audioPlay":false,"sceneViewState":{"m_AlwaysRefresh":false,"showFog":true,"showSkybox":true,"showFlares":true,"showImageEffects":true,"showParticleSystems":true,"showVisualEffectGraphs":true,"m_FxEnabled":true},"in2DMode":false,"pivot":{"x":-4.0327606201171879,"y":9.713485717773438,"z":-0.5135803818702698},"rotation":{"x":0.018562322482466699,"y":0.06145177409052849,"z":-0.0011437110370025039,"w":0.9979502558708191},"size":8.400904655456543,"orthographic":true}