{"cameraMode":{"drawMode":0,"name":"Shaded","section":"Shading Mode"},"sceneLighting":true,"audioPlay":false,"sceneViewState":{"m_AlwaysRefresh":false,"showFog":true,"showSkybox":true,"showFlares":true,"showImageEffects":true,"showParticleSystems":true,"showVisualEffectGraphs":true,"m_FxEnabled":true},"in2DMode":false,"pivot":{"x":3.156928539276123,"y":-0.7209153175354004,"z":2.516350269317627},"rotation":{"x":0.08416793495416641,"y":-0.08806929737329483,"z":0.0074669974856078629,"w":0.9925367832183838},"size":6.150127410888672,"orthographic":true}