{"cameraMode":{"drawMode":0,"name":"Shaded","section":"Shading Mode"},"sceneLighting":true,"audioPlay":false,"sceneViewState":{"m_AlwaysRefresh":false,"showFog":true,"showSkybox":true,"showFlares":true,"showImageEffects":true,"showParticleSystems":true,"showVisualEffectGraphs":true,"m_FxEnabled":true},"in2DMode":false,"pivot":{"x":5.311000823974609,"y":10.233696937561036,"z":1.1601698398590088},"rotation":{"x":0.044065993279218677,"y":-0.02846660278737545,"z":0.0012723627733066679,"w":0.9986492395401001},"size":10.4006986618042,"orthographic":true}