{"cameraMode":{"drawMode":0,"name":"Shaded","section":"Shading Mode"},"sceneLighting":false,"audioPlay":false,"sceneViewState":{"m_AlwaysRefresh":false,"showFog":true,"showSkybox":false,"showFlares":true,"showImageEffects":true,"showParticleSystems":true,"showVisualEffectGraphs":true,"m_FxEnabled":true},"in2DMode":false,"pivot":{"x":11.224699020385743,"y":8.595178604125977,"z":3.288902521133423},"rotation":{"x":0.17489828169345857,"y":-0.2716449797153473,"z":0.050273600965738299,"w":0.9450362920761108},"size":2.1585030555725099,"orthographic":true}