{"cameraMode":{"drawMode":0,"name":"Shaded","section":"Shading Mode"},"sceneLighting":true,"audioPlay":false,"sceneViewState":{"m_AlwaysRefresh":false,"showFog":true,"showSkybox":true,"showFlares":true,"showImageEffects":true,"showParticleSystems":true,"showVisualEffectGraphs":true,"m_FxEnabled":true},"in2DMode":false,"pivot":{"x":-2.7619681358337404,"y":0.000003814697265625,"z":-47.550289154052737},"rotation":{"x":-0.3445633053779602,"y":0.13258883357048036,"z":-0.04923069849610329,"w":-0.9280579686164856},"size":33.2143669128418,"orthographic":false}