{"cameraMode":{"drawMode":0,"name":"Shaded","section":"Shading Mode"},"sceneLighting":false,"audioPlay":false,"sceneViewState":{"m_AlwaysRefresh":false,"showFog":true,"showSkybox":false,"showFlares":true,"showImageEffects":true,"showParticleSystems":true,"showVisualEffectGraphs":true,"m_FxEnabled":true},"in2DMode":false,"pivot":{"x":25.017131805419923,"y":1.157890796661377,"z":-0.25721073150634768},"rotation":{"x":0.044065993279218677,"y":-0.02846660278737545,"z":0.0012723627733066679,"w":0.9986492395401001},"size":4.963047027587891,"orthographic":true}